scenario,n_person,k_per_condition,scenario_label,base,guessing,person_intercept_sd,memory_score_slope,item_intercept_sd,delta,person_slope_sd,item_slope_sd,memory_moderation,interpretation,total_words,person_slope_sd_unmodeled,effect_sampling_sd_unmodeled,effect_sampling_sd_memory_adjusted,effect_signal_ratio_unmodeled,effect_signal_ratio_memory_adjusted,main_bottleneck
alpha_high_effect_stable,30,5,"High alpha, stable effect",-0.4,0,0.85,0.35,0.55,0.75,0.05,0.05,0,Alpha and effect model agree; low item/person treatment heterogeneity.,10,0.05,0.01825741858350554,0.01825741858350554,0.9994077583654132,0.9994077583654132,items
alpha_high_effect_stable,30,10,"High alpha, stable effect",-0.4,0,0.85,0.35,0.55,0.75,0.05,0.05,0,Alpha and effect model agree; low item/person treatment heterogeneity.,20,0.05,0.014433756729740645,0.014433756729740645,0.9996297667530544,0.9996297667530544,items
alpha_high_effect_stable,30,15,"High alpha, stable effect",-0.4,0,0.85,0.35,0.55,0.75,0.05,0.05,0,Alpha and effect model agree; low item/person treatment heterogeneity.,30,0.05,0.012909944487358056,0.012909944487358056,0.9997037914691943,0.9997037914691943,both
alpha_high_effect_stable,30,30,"High alpha, stable effect",-0.4,0,0.85,0.35,0.55,0.75,0.05,0.05,0,Alpha and effect model agree; low item/person treatment heterogeneity.,60,0.05,0.011180339887498949,0.011180339887498949,0.9997778271495222,0.9997778271495222,participants
alpha_high_effect_stable,30,60,"High alpha, stable effect",-0.4,0,0.85,0.35,0.55,0.75,0.05,0.05,0,Alpha and effect model agree; low item/person treatment heterogeneity.,120,0.05,0.010206207261596576,0.010206207261596576,0.9998148491020181,0.9998148491020181,participants
alpha_high_effect_stable,30,100,"High alpha, stable effect",-0.4,0,0.85,0.35,0.55,0.75,0.05,0.05,0,Alpha and effect model agree; low item/person treatment heterogeneity.,200,0.05,0.00978945010372561,0.00978945010372561,0.9998296586507485,0.9998296586507485,participants
alpha_high_effect_stable,60,5,"High alpha, stable effect",-0.4,0,0.85,0.35,0.55,0.75,0.05,0.05,0,Alpha and effect model agree; low item/person treatment heterogeneity.,10,0.05,0.017078251276599333,0.017078251276599333,0.9994817502035981,0.9994817502035981,items
alpha_high_effect_stable,60,10,"High alpha, stable effect",-0.4,0,0.85,0.35,0.55,0.75,0.05,0.05,0,Alpha and effect model agree; low item/person treatment heterogeneity.,20,0.05,0.012909944487358056,0.012909944487358056,0.9997037914691943,0.9997037914691943,items
alpha_high_effect_stable,60,15,"High alpha, stable effect",-0.4,0,0.85,0.35,0.55,0.75,0.05,0.05,0,Alpha and effect model agree; low item/person treatment heterogeneity.,30,0.05,0.011180339887498949,0.011180339887498949,0.9997778271495222,0.9997778271495222,items
alpha_high_effect_stable,60,30,"High alpha, stable effect",-0.4,0,0.85,0.35,0.55,0.75,0.05,0.05,0,Alpha and effect model agree; low item/person treatment heterogeneity.,60,0.05,0.00912870929175277,0.00912870929175277,0.9998518737964747,0.9998518737964747,both
alpha_high_effect_stable,60,60,"High alpha, stable effect",-0.4,0,0.85,0.35,0.55,0.75,0.05,0.05,0,Alpha and effect model agree; low item/person treatment heterogeneity.,120,0.05,0.007905694150420948,0.007905694150420948,0.9998889012331964,0.9998889012331964,participants
alpha_high_effect_stable,60,100,"High alpha, stable effect",-0.4,0,0.85,0.35,0.55,0.75,0.05,0.05,0,Alpha and effect model agree; low item/person treatment heterogeneity.,200,0.05,0.007359800721939873,0.007359800721939873,0.9999037129757875,0.9999037129757875,participants
alpha_high_effect_stable,120,5,"High alpha, stable effect",-0.4,0,0.85,0.35,0.55,0.75,0.05,0.05,0,Alpha and effect model agree; low item/person treatment heterogeneity.,10,0.05,0.016457014715109585,0.016457014715109585,0.99951875023137,0.99951875023137,items
alpha_high_effect_stable,120,10,"High alpha, stable effect",-0.4,0,0.85,0.35,0.55,0.75,0.05,0.05,0,Alpha and effect model agree; low item/person treatment heterogeneity.,20,0.05,0.0120761472884912,0.0120761472884912,0.9997408079386827,0.9997408079386827,items
alpha_high_effect_stable,120,15,"High alpha, stable effect",-0.4,0,0.85,0.35,0.55,0.75,0.05,0.05,0,Alpha and effect model agree; low item/person treatment heterogeneity.,30,0.05,0.010206207261596576,0.010206207261596576,0.9998148491020181,0.9998148491020181,items
alpha_high_effect_stable,120,30,"High alpha, stable effect",-0.4,0,0.85,0.35,0.55,0.75,0.05,0.05,0,Alpha and effect model agree; low item/person treatment heterogeneity.,60,0.05,0.007905694150420948,0.007905694150420948,0.9998889012331964,0.9998889012331964,items
alpha_high_effect_stable,120,60,"High alpha, stable effect",-0.4,0,0.85,0.35,0.55,0.75,0.05,0.05,0,Alpha and effect model agree; low item/person treatment heterogeneity.,120,0.05,0.006454972243679028,0.006454972243679028,0.9999259314124879,0.9999259314124879,both
alpha_high_effect_stable,120,100,"High alpha, stable effect",-0.4,0,0.85,0.35,0.55,0.75,0.05,0.05,0,Alpha and effect model agree; low item/person treatment heterogeneity.,200,0.05,0.005773502691896258,0.005773502691896258,0.9999407442521925,0.9999407442521925,participants
alpha_high_effect_stable,300,5,"High alpha, stable effect",-0.4,0,0.85,0.35,0.55,0.75,0.05,0.05,0,Alpha and effect model agree; low item/person treatment heterogeneity.,10,0.05,0.016072751268321594,0.016072751268321594,0.9995409515629858,0.9995409515629858,items
alpha_high_effect_stable,300,10,"High alpha, stable effect",-0.4,0,0.85,0.35,0.55,0.75,0.05,0.05,0,Alpha and effect model agree; low item/person treatment heterogeneity.,20,0.05,0.011547005383792516,0.011547005383792516,0.9997630191362048,0.9997630191362048,items
alpha_high_effect_stable,300,15,"High alpha, stable effect",-0.4,0,0.85,0.35,0.55,0.75,0.05,0.05,0,Alpha and effect model agree; low item/person treatment heterogeneity.,30,0.05,0.009574271077563382,0.009574271077563382,0.9998370635896372,0.9998370635896372,items
alpha_high_effect_stable,300,30,"High alpha, stable effect",-0.4,0,0.85,0.35,0.55,0.75,0.05,0.05,0,Alpha and effect model agree; low item/person treatment heterogeneity.,60,0.05,0.007071067811865476,0.007071067811865476,0.9999111190116434,0.9999111190116434,items
alpha_high_effect_stable,300,60,"High alpha, stable effect",-0.4,0,0.85,0.35,0.55,0.75,0.05,0.05,0,Alpha and effect model agree; low item/person treatment heterogeneity.,120,0.05,0.005400617248673217,0.005400617248673217,0.9999481508366234,0.9999481508366234,items
alpha_high_effect_stable,300,100,"High alpha, stable effect",-0.4,0,0.85,0.35,0.55,0.75,0.05,0.05,0,Alpha and effect model agree; low item/person treatment heterogeneity.,200,0.05,0.004564354645876385,0.004564354645876385,0.9999629643346543,0.9999629643346543,both
alpha_high_effect_stable,500,5,"High alpha, stable effect",-0.4,0,0.85,0.35,0.55,0.75,0.05,0.05,0,Alpha and effect model agree; low item/person treatment heterogeneity.,10,0.05,0.015968719422671314,0.015968719422671314,0.999546872084655,0.999546872084655,items
alpha_high_effect_stable,500,10,"High alpha, stable effect",-0.4,0,0.85,0.35,0.55,0.75,0.05,0.05,0,Alpha and effect model agree; low item/person treatment heterogeneity.,20,0.05,0.011401754250991382,0.011401754250991382,0.9997689422888933,0.9997689422888933,items
alpha_high_effect_stable,500,15,"High alpha, stable effect",-0.4,0,0.85,0.35,0.55,0.75,0.05,0.05,0,Alpha and effect model agree; low item/person treatment heterogeneity.,30,0.05,0.00939858145324779,0.00939858145324779,0.9998429876197219,0.9998429876197219,items
alpha_high_effect_stable,500,30,"High alpha, stable effect",-0.4,0,0.85,0.35,0.55,0.75,0.05,0.05,0,Alpha and effect model agree; low item/person treatment heterogeneity.,60,0.05,0.006831300510639733,0.006831300510639733,0.9999170439193193,0.9999170439193193,items
alpha_high_effect_stable,500,60,"High alpha, stable effect",-0.4,0,0.85,0.35,0.55,0.75,0.05,0.05,0,Alpha and effect model agree; low item/person treatment heterogeneity.,120,0.05,0.005082650227325636,0.005082650227325636,0.999954076183168,0.999954076183168,items
alpha_high_effect_stable,500,100,"High alpha, stable effect",-0.4,0,0.85,0.35,0.55,0.75,0.05,0.05,0,Alpha and effect model agree; low item/person treatment heterogeneity.,200,0.05,0.004183300132670378,0.004183300132670378,0.99996888985676,0.99996888985676,items
alpha_high_effect_stable,1000,5,"High alpha, stable effect",-0.4,0,0.85,0.35,0.55,0.75,0.05,0.05,0,Alpha and effect model agree; low item/person treatment heterogeneity.,10,0.05,0.015890248582070707,0.015890248582070707,0.9995513125219346,0.9995513125219346,items
alpha_high_effect_stable,1000,10,"High alpha, stable effect",-0.4,0,0.85,0.35,0.55,0.75,0.05,0.05,0,Alpha and effect model agree; low item/person treatment heterogeneity.,20,0.05,0.011291589790636216,0.011291589790636216,0.9997733846994682,0.9997733846994682,items
alpha_high_effect_stable,1000,15,"High alpha, stable effect",-0.4,0,0.85,0.35,0.55,0.75,0.05,0.05,0,Alpha and effect model agree; low item/person treatment heterogeneity.,30,0.05,0.009264628073124864,0.009264628073124864,0.9998474306883542,0.9998474306883542,items
alpha_high_effect_stable,1000,30,"High alpha, stable effect",-0.4,0,0.85,0.35,0.55,0.75,0.05,0.05,0,Alpha and effect model agree; low item/person treatment heterogeneity.,60,0.05,0.006645800679125629,0.006645800679125629,0.9999214876461553,0.9999214876461553,items
alpha_high_effect_stable,1000,60,"High alpha, stable effect",-0.4,0,0.85,0.35,0.55,0.75,0.05,0.05,0,Alpha and effect model agree; low item/person treatment heterogeneity.,120,0.05,0.00483045891539648,0.00483045891539648,0.9999585202391603,0.9999585202391603,items
alpha_high_effect_stable,1000,100,"High alpha, stable effect",-0.4,0,0.85,0.35,0.55,0.75,0.05,0.05,0,Alpha and effect model agree; low item/person treatment heterogeneity.,200,0.05,0.0038729833462074173,0.0038729833462074173,0.9999733340444255,0.9999733340444255,items
alpha_high_item_sensitive,30,5,"High alpha, item-sensitive effect",-0.4,0,0.85,0.35,0.55,0.75,0.05,0.65,0,Alpha can be high while the treatment effect depends strongly on which words were sampled.,10,0.05,0.2057506581601462,0.2057506581601462,0.9300082667401488,0.9300082667401488,items
alpha_high_item_sensitive,30,10,"High alpha, item-sensitive effect",-0.4,0,0.85,0.35,0.55,0.75,0.05,0.65,0,Alpha can be high while the treatment effect depends strongly on which words were sampled.,20,0.05,0.14563081175813494,0.14563081175813494,0.9636662145763437,0.9636662145763437,items
alpha_high_item_sensitive,30,15,"High alpha, item-sensitive effect",-0.4,0,0.85,0.35,0.55,0.75,0.05,0.65,0,Alpha can be high while the treatment effect depends strongly on which words were sampled.,30,0.05,0.11902380714238084,0.11902380714238084,0.9754335260115607,0.9754335260115607,items
alpha_high_item_sensitive,30,30,"High alpha, item-sensitive effect",-0.4,0,0.85,0.35,0.55,0.75,0.05,0.65,0,Alpha can be high while the treatment effect depends strongly on which words were sampled.,60,0.05,0.08440971508067066,0.08440971508067066,0.9874917709019091,0.9874917709019091,items
alpha_high_item_sensitive,30,60,"High alpha, item-sensitive effect",-0.4,0,0.85,0.35,0.55,0.75,0.05,0.65,0,Alpha can be high while the treatment effect depends strongly on which words were sampled.,120,0.05,0.06003471218109292,0.06003471218109292,0.9936333860817724,0.9936333860817724,items
alpha_high_item_sensitive,30,100,"High alpha, item-sensitive effect",-0.4,0,0.85,0.35,0.55,0.75,0.05,0.65,0,Alpha can be high while the treatment effect depends strongly on which words were sampled.,200,0.05,0.046859719731698495,0.046859719731698495,0.9961114759420633,0.9961114759420633,items
alpha_high_item_sensitive,60,5,"High alpha, item-sensitive effect",-0.4,0,0.85,0.35,0.55,0.75,0.05,0.65,0,Alpha can be high while the treatment effect depends strongly on which words were sampled.,10,0.05,0.20564937798755112,0.20564937798755112,0.930072338959697,0.930072338959697,items
alpha_high_item_sensitive,60,10,"High alpha, item-sensitive effect",-0.4,0,0.85,0.35,0.55,0.75,0.05,0.65,0,Alpha can be high while the treatment effect depends strongly on which words were sampled.,20,0.05,0.14548768561863462,0.14548768561863462,0.9637350085665334,0.9637350085665334,items
alpha_high_item_sensitive,60,15,"High alpha, item-sensitive effect",-0.4,0,0.85,0.35,0.55,0.75,0.05,0.65,0,Alpha can be high while the treatment effect depends strongly on which words were sampled.,30,0.05,0.11884864324004714,0.11884864324004714,0.975504010405376,0.975504010405376,items
alpha_high_item_sensitive,60,30,"High alpha, item-sensitive effect",-0.4,0,0.85,0.35,0.55,0.75,0.05,0.65,0,Alpha can be high while the treatment effect depends strongly on which words were sampled.,60,0.05,0.08416254115301731,0.08416254115301731,0.9875640087783467,0.9875640087783467,items
alpha_high_item_sensitive,60,60,"High alpha, item-sensitive effect",-0.4,0,0.85,0.35,0.55,0.75,0.05,0.65,0,Alpha can be high while the treatment effect depends strongly on which words were sampled.,120,0.05,0.059686681931566614,0.059686681931566614,0.9937065253395163,0.9937065253395163,items
alpha_high_item_sensitive,60,100,"High alpha, item-sensitive effect",-0.4,0,0.85,0.35,0.55,0.75,0.05,0.65,0,Alpha can be high while the treatment effect depends strongly on which words were sampled.,200,0.05,0.04641300105214774,0.04641300105214774,0.9961849804821535,0.9961849804821535,items
alpha_high_item_sensitive,120,5,"High alpha, item-sensitive effect",-0.4,0,0.85,0.35,0.55,0.75,0.05,0.65,0,Alpha can be high while the treatment effect depends strongly on which words were sampled.,10,0.05,0.20559871919186007,0.20559871919186007,0.9301043783802404,0.9301043783802404,items
alpha_high_item_sensitive,120,10,"High alpha, item-sensitive effect",-0.4,0,0.85,0.35,0.55,0.75,0.05,0.65,0,Alpha can be high while the treatment effect depends strongly on which words were sampled.,20,0.05,0.1454160697217929,0.1454160697217929,0.9637694092450474,0.9637694092450474,items
alpha_high_item_sensitive,120,15,"High alpha, item-sensitive effect",-0.4,0,0.85,0.35,0.55,0.75,0.05,0.65,0,Alpha can be high while the treatment effect depends strongly on which words were sampled.,30,0.05,0.1187609644060988,0.1187609644060988,0.9755392564223001,0.9755392564223001,items
alpha_high_item_sensitive,120,30,"High alpha, item-sensitive effect",-0.4,0,0.85,0.35,0.55,0.75,0.05,0.65,0,Alpha can be high while the treatment effect depends strongly on which words were sampled.,60,0.05,0.08403868156985807,0.08403868156985807,0.9876001316800176,0.9876001316800176,items
alpha_high_item_sensitive,120,60,"High alpha, item-sensitive effect",-0.4,0,0.85,0.35,0.55,0.75,0.05,0.65,0,Alpha can be high while the treatment effect depends strongly on which words were sampled.,120,0.05,0.05951190357119042,0.05951190357119042,0.9937430990062569,0.9937430990062569,items
alpha_high_item_sensitive,120,100,"High alpha, item-sensitive effect",-0.4,0,0.85,0.35,0.55,0.75,0.05,0.65,0,Alpha can be high while the treatment effect depends strongly on which words were sampled.,200,0.05,0.046188021535170064,0.046188021535170064,0.9962217368203554,0.9962217368203554,items
alpha_high_item_sensitive,300,5,"High alpha, item-sensitive effect",-0.4,0,0.85,0.35,0.55,0.75,0.05,0.65,0,Alpha can be high while the treatment effect depends strongly on which words were sampled.,10,0.05,0.2055683179221286,0.2055683179221286,0.9301236030921444,0.9301236030921444,items
alpha_high_item_sensitive,300,10,"High alpha, item-sensitive effect",-0.4,0,0.85,0.35,0.55,0.75,0.05,0.65,0,Alpha can be high while the treatment effect depends strongly on which words were sampled.,20,0.05,0.1453730832490435,0.1453730832490435,0.9637900508310012,0.9637900508310012,items
alpha_high_item_sensitive,300,15,"High alpha, item-sensitive effect",-0.4,0,0.85,0.35,0.55,0.75,0.05,0.65,0,Alpha can be high while the treatment effect depends strongly on which words were sampled.,30,0.05,0.1187083260208258,0.1187083260208258,0.9755604052550189,0.9755604052550189,items
alpha_high_item_sensitive,300,30,"High alpha, item-sensitive effect",-0.4,0,0.85,0.35,0.55,0.75,0.05,0.65,0,Alpha can be high while the treatment effect depends strongly on which words were sampled.,60,0.05,0.08396427811873333,0.08396427811873333,0.9876218066894917,0.9876218066894917,items
alpha_high_item_sensitive,300,60,"High alpha, item-sensitive effect",-0.4,0,0.85,0.35,0.55,0.75,0.05,0.65,0,Alpha can be high while the treatment effect depends strongly on which words were sampled.,120,0.05,0.05940678973540539,0.05940678973540539,0.9937650444985903,0.9937650444985903,items
alpha_high_item_sensitive,300,100,"High alpha, item-sensitive effect",-0.4,0,0.85,0.35,0.55,0.75,0.05,0.65,0,Alpha can be high while the treatment effect depends strongly on which words were sampled.,200,0.05,0.04605250626549367,0.04605250626549367,0.9962437919252596,0.9962437919252596,items
alpha_high_item_sensitive,500,5,"High alpha, item-sensitive effect",-0.4,0,0.85,0.35,0.55,0.75,0.05,0.65,0,Alpha can be high while the treatment effect depends strongly on which words were sampled.,10,0.05,0.20556021015751078,0.20556021015751078,0.9301287298162065,0.9301287298162065,items
alpha_high_item_sensitive,500,10,"High alpha, item-sensitive effect",-0.4,0,0.85,0.35,0.55,0.75,0.05,0.65,0,Alpha can be high while the treatment effect depends strongly on which words were sampled.,20,0.05,0.1453616180427282,0.1453616180427282,0.9637955554032521,0.9637955554032521,items
alpha_high_item_sensitive,500,15,"High alpha, item-sensitive effect",-0.4,0,0.85,0.35,0.55,0.75,0.05,0.65,0,Alpha can be high while the treatment effect depends strongly on which words were sampled.,30,0.05,0.11869428517554388,0.11869428517554388,0.9755660450986116,0.9755660450986116,items
alpha_high_item_sensitive,500,30,"High alpha, item-sensitive effect",-0.4,0,0.85,0.35,0.55,0.75,0.05,0.65,0,Alpha can be high while the treatment effect depends strongly on which words were sampled.,60,0.05,0.08394442606073775,0.08394442606073775,0.9876275868527016,0.9876275868527016,items
alpha_high_item_sensitive,500,60,"High alpha, item-sensitive effect",-0.4,0,0.85,0.35,0.55,0.75,0.05,0.65,0,Alpha can be high while the treatment effect depends strongly on which words were sampled.,120,0.05,0.05937872795314273,0.05937872795314273,0.9937708967935798,0.9937708967935798,items
alpha_high_item_sensitive,500,100,"High alpha, item-sensitive effect",-0.4,0,0.85,0.35,0.55,0.75,0.05,0.65,0,Alpha can be high while the treatment effect depends strongly on which words were sampled.,200,0.05,0.04601630145937415,0.04601630145937415,0.996249673451496,0.996249673451496,items
alpha_high_item_sensitive,1000,5,"High alpha, item-sensitive effect",-0.4,0,0.85,0.35,0.55,0.75,0.05,0.65,0,Alpha can be high while the treatment effect depends strongly on which words were sampled.,10,0.05,0.20555412912417986,0.20555412912417986,0.9301325748963418,0.9301325748963418,items
alpha_high_item_sensitive,1000,10,"High alpha, item-sensitive effect",-0.4,0,0.85,0.35,0.55,0.75,0.05,0.65,0,Alpha can be high while the treatment effect depends strongly on which words were sampled.,20,0.05,0.14535301854450772,0.14535301854450772,0.9637996838737037,0.9637996838737037,items
alpha_high_item_sensitive,1000,15,"High alpha, item-sensitive effect",-0.4,0,0.85,0.35,0.55,0.75,0.05,0.65,0,Alpha can be high while the treatment effect depends strongly on which words were sampled.,30,0.05,0.11868375345148693,0.11868375345148693,0.9755702750241002,0.9755702750241002,items
alpha_high_item_sensitive,1000,30,"High alpha, item-sensitive effect",-0.4,0,0.85,0.35,0.55,0.75,0.05,0.65,0,Alpha can be high while the treatment effect depends strongly on which words were sampled.,60,0.05,0.08392953393571698,0.08392953393571698,0.9876319220195098,0.9876319220195098,items
alpha_high_item_sensitive,1000,60,"High alpha, item-sensitive effect",-0.4,0,0.85,0.35,0.55,0.75,0.05,0.65,0,Alpha can be high while the treatment effect depends strongly on which words were sampled.,120,0.05,0.059357672910360405,0.059357672910360405,0.9937752860600564,0.9937752860600564,items
alpha_high_item_sensitive,1000,100,"High alpha, item-sensitive effect",-0.4,0,0.85,0.35,0.55,0.75,0.05,0.65,0,Alpha can be high while the treatment effect depends strongly on which words were sampled.,200,0.05,0.04598912915026768,0.04598912915026768,0.996254084641747,0.996254084641747,items
alpha_high_person_sensitive,30,5,"High alpha, person-sensitive effect",-0.4,0,0.85,0.35,0.55,0.75,0.65,0.05,0,Alpha can be high while the treatment effect varies across learners.,10,0.65,0.11972189997378647,0.11972189997378647,0.9751516902629298,0.9751516902629298,participants
alpha_high_person_sensitive,30,10,"High alpha, person-sensitive effect",-0.4,0,0.85,0.35,0.55,0.75,0.65,0.05,0,Alpha can be high while the treatment effect varies across learners.,20,0.65,0.11919871363959149,0.11919871363959149,0.9753630518026153,0.9753630518026153,participants
alpha_high_person_sensitive,30,15,"High alpha, person-sensitive effect",-0.4,0,0.85,0.35,0.55,0.75,0.65,0.05,0,Alpha can be high while the treatment effect varies across learners.,30,0.65,0.11902380714238084,0.11902380714238084,0.9754335260115607,0.9754335260115607,participants
alpha_high_person_sensitive,30,30,"High alpha, person-sensitive effect",-0.4,0,0.85,0.35,0.55,0.75,0.65,0.05,0,Alpha can be high while the treatment effect varies across learners.,60,0.65,0.11884864324004714,0.11884864324004714,0.975504010405376,0.975504010405376,participants
alpha_high_person_sensitive,30,60,"High alpha, person-sensitive effect",-0.4,0,0.85,0.35,0.55,0.75,0.65,0.05,0,Alpha can be high while the treatment effect varies across learners.,120,0.65,0.1187609644060988,0.1187609644060988,0.9755392564223001,0.9755392564223001,participants
alpha_high_person_sensitive,30,100,"High alpha, person-sensitive effect",-0.4,0,0.85,0.35,0.55,0.75,0.65,0.05,0,Alpha can be high while the treatment effect varies across learners.,200,0.65,0.118725874742338,0.118725874742338,0.975553355542227,0.975553355542227,participants
alpha_high_person_sensitive,60,5,"High alpha, person-sensitive effect",-0.4,0,0.85,0.35,0.55,0.75,0.65,0.05,0,Alpha can be high while the treatment effect varies across learners.,10,0.65,0.08539125638299666,0.08539125638299666,0.9872029250457038,0.9872029250457038,participants
alpha_high_person_sensitive,60,10,"High alpha, person-sensitive effect",-0.4,0,0.85,0.35,0.55,0.75,0.65,0.05,0,Alpha can be high while the treatment effect varies across learners.,20,0.65,0.08465616732800196,0.08465616732800196,0.9874195435927443,0.9874195435927443,participants
alpha_high_person_sensitive,60,15,"High alpha, person-sensitive effect",-0.4,0,0.85,0.35,0.55,0.75,0.65,0.05,0,Alpha can be high while the treatment effect varies across learners.,30,0.65,0.08440971508067066,0.08440971508067066,0.9874917709019091,0.9874917709019091,participants
alpha_high_person_sensitive,60,30,"High alpha, person-sensitive effect",-0.4,0,0.85,0.35,0.55,0.75,0.65,0.05,0,Alpha can be high while the treatment effect varies across learners.,60,0.65,0.08416254115301731,0.08416254115301731,0.9875640087783467,0.9875640087783467,participants
alpha_high_person_sensitive,60,60,"High alpha, person-sensitive effect",-0.4,0,0.85,0.35,0.55,0.75,0.65,0.05,0,Alpha can be high while the treatment effect varies across learners.,120,0.65,0.08403868156985807,0.08403868156985807,0.9876001316800176,0.9876001316800176,participants
alpha_high_person_sensitive,60,100,"High alpha, person-sensitive effect",-0.4,0,0.85,0.35,0.55,0.75,0.65,0.05,0,Alpha can be high while the treatment effect varies across learners.,200,0.65,0.08398908659264409,0.08398908659264409,0.9876145815806222,0.9876145815806222,participants
alpha_high_person_sensitive,120,5,"High alpha, person-sensitive effect",-0.4,0,0.85,0.35,0.55,0.75,0.65,0.05,0,Alpha can be high while the treatment effect varies across learners.,10,0.65,0.06140711142313514,0.06140711142313514,0.993340936683713,0.993340936683713,participants
alpha_high_person_sensitive,120,10,"High alpha, person-sensitive effect",-0.4,0,0.85,0.35,0.55,0.75,0.65,0.05,0,Alpha can be high while the treatment effect varies across learners.,20,0.65,0.060380736442456,0.060380736442456,0.9935602575896963,0.9935602575896963,participants
alpha_high_person_sensitive,120,15,"High alpha, person-sensitive effect",-0.4,0,0.85,0.35,0.55,0.75,0.65,0.05,0,Alpha can be high while the treatment effect varies across learners.,30,0.65,0.06003471218109292,0.06003471218109292,0.9936333860817724,0.9936333860817724,participants
alpha_high_person_sensitive,120,30,"High alpha, person-sensitive effect",-0.4,0,0.85,0.35,0.55,0.75,0.65,0.05,0,Alpha can be high while the treatment effect varies across learners.,60,0.65,0.059686681931566614,0.059686681931566614,0.9937065253395163,0.9937065253395163,participants
alpha_high_person_sensitive,120,60,"High alpha, person-sensitive effect",-0.4,0,0.85,0.35,0.55,0.75,0.65,0.05,0,Alpha can be high while the treatment effect varies across learners.,120,0.65,0.05951190357119042,0.05951190357119042,0.9937430990062569,0.9937430990062569,participants
alpha_high_person_sensitive,120,100,"High alpha, person-sensitive effect",-0.4,0,0.85,0.35,0.55,0.75,0.65,0.05,0,Alpha can be high while the treatment effect varies across learners.,200,0.65,0.059441848333756694,0.059441848333756694,0.9937577292267827,0.9937577292267827,participants
alpha_high_person_sensitive,300,5,"High alpha, person-sensitive effect",-0.4,0,0.85,0.35,0.55,0.75,0.65,0.05,0,Alpha can be high while the treatment effect varies across learners.,10,0.65,0.04072263907623539,0.04072263907623539,0.9970605178806187,0.9970605178806187,participants
alpha_high_person_sensitive,300,10,"High alpha, person-sensitive effect",-0.4,0,0.85,0.35,0.55,0.75,0.65,0.05,0,Alpha can be high while the treatment effect varies across learners.,20,0.65,0.03915780041490244,0.03915780041490244,0.9972814845458305,0.9972814845458305,participants
alpha_high_person_sensitive,300,15,"High alpha, person-sensitive effect",-0.4,0,0.85,0.35,0.55,0.75,0.65,0.05,0,Alpha can be high while the treatment effect varies across learners.,30,0.65,0.038622100754188225,0.038622100754188225,0.9973551618670489,0.9973551618670489,participants
alpha_high_person_sensitive,300,30,"High alpha, person-sensitive effect",-0.4,0,0.85,0.35,0.55,0.75,0.65,0.05,0,Alpha can be high while the treatment effect varies across learners.,60,0.65,0.03807886552931954,0.03807886552931954,0.9974288500753614,0.9974288500753614,participants
alpha_high_person_sensitive,300,60,"High alpha, person-sensitive effect",-0.4,0,0.85,0.35,0.55,0.75,0.65,0.05,0,Alpha can be high while the treatment effect varies across learners.,120,0.65,0.03780432074071252,0.03780432074071252,0.9974656982629319,0.9974656982629319,participants
alpha_high_person_sensitive,300,100,"High alpha, person-sensitive effect",-0.4,0,0.85,0.35,0.55,0.75,0.65,0.05,0,Alpha can be high while the treatment effect varies across learners.,200,0.65,0.037693942926328806,0.037693942926328806,0.9974804383002933,0.9974804383002933,participants
alpha_high_person_sensitive,500,5,"High alpha, person-sensitive effect",-0.4,0,0.85,0.35,0.55,0.75,0.65,0.05,0,Alpha can be high while the treatment effect varies across learners.,10,0.65,0.0330907842155486,0.0330907842155486,0.998057115481862,0.998057115481862,participants
alpha_high_person_sensitive,500,10,"High alpha, person-sensitive effect",-0.4,0,0.85,0.35,0.55,0.75,0.65,0.05,0,Alpha can be high while the treatment effect varies across learners.,20,0.65,0.031144823004794875,0.031144823004794875,0.9982785241450298,0.9982785241450298,participants
alpha_high_person_sensitive,500,15,"High alpha, person-sensitive effect",-0.4,0,0.85,0.35,0.55,0.75,0.65,0.05,0,Alpha can be high while the treatment effect varies across learners.,30,0.65,0.030468563033614393,0.030468563033614393,0.9983523488642448,0.9983523488642448,participants
alpha_high_person_sensitive,500,30,"High alpha, person-sensitive effect",-0.4,0,0.85,0.35,0.55,0.75,0.65,0.05,0,Alpha can be high while the treatment effect varies across learners.,60,0.65,0.029776948578836393,0.029776948578836393,0.9984261845032423,0.9984261845032423,participants
alpha_high_person_sensitive,500,60,"High alpha, person-sensitive effect",-0.4,0,0.85,0.35,0.55,0.75,0.65,0.05,0,Alpha can be high while the treatment effect varies across learners.,120,0.65,0.029425046020921247,0.029425046020921247,0.9984631064184166,0.9984631064184166,participants
alpha_high_person_sensitive,500,100,"High alpha, person-sensitive effect",-0.4,0,0.85,0.35,0.55,0.75,0.65,0.05,0,Alpha can be high while the treatment effect varies across learners.,200,0.65,0.029283100928692646,0.029283100928692646,0.9984778759491088,0.9984778759491088,participants
alpha_high_person_sensitive,1000,5,"High alpha, person-sensitive effect",-0.4,0,0.85,0.35,0.55,0.75,0.65,0.05,0,Alpha can be high while the treatment effect varies across learners.,10,0.65,0.025932604959779882,0.025932604959779882,0.9988058720907005,0.9988058720907005,participants
alpha_high_person_sensitive,1000,10,"High alpha, person-sensitive effect",-0.4,0,0.85,0.35,0.55,0.75,0.65,0.05,0,Alpha can be high while the treatment effect varies across learners.,20,0.65,0.02339871791359518,0.02339871791359518,0.9990276131232266,0.9990276131232266,participants
alpha_high_person_sensitive,1000,15,"High alpha, person-sensitive effect",-0.4,0,0.85,0.35,0.55,0.75,0.65,0.05,0,Alpha can be high while the treatment effect varies across learners.,30,0.65,0.02249073883475893,0.02249073883475893,0.999101548681408,0.999101548681408,participants
alpha_high_person_sensitive,1000,30,"High alpha, person-sensitive effect",-0.4,0,0.85,0.35,0.55,0.75,0.65,0.05,0,Alpha can be high while the treatment effect varies across learners.,60,0.65,0.0215445275340785,0.0215445275340785,0.9991754951839741,0.9991754951839741,participants
alpha_high_person_sensitive,1000,60,"High alpha, person-sensitive effect",-0.4,0,0.85,0.35,0.55,0.75,0.65,0.05,0,Alpha can be high while the treatment effect varies across learners.,120,0.65,0.02105548226313834,0.02105548226313834,0.9992124725401609,0.9992124725401609,participants
alpha_high_person_sensitive,1000,100,"High alpha, person-sensitive effect",-0.4,0,0.85,0.35,0.55,0.75,0.65,0.05,0,Alpha can be high while the treatment effect varies across learners.,200,0.65,0.02085665361461421,0.02085665361461421,0.9992272642489809,0.9992272642489809,participants
recognition_alpha_low_effect_stable,30,5,"Low-alpha recognition, stable effect",1,0.25,0.25,0.15,0.25,0.55,0.05,0.05,0,"Recognition can have low alpha because of ceiling/guessing, while a uniform condition effect is still estimable.",10,0.05,0.01825741858350554,0.01825741858350554,0.9988992845349477,0.9988992845349477,items
recognition_alpha_low_effect_stable,30,10,"Low-alpha recognition, stable effect",1,0.25,0.25,0.15,0.25,0.55,0.05,0.05,0,"Recognition can have low alpha because of ceiling/guessing, while a uniform condition effect is still estimable.",20,0.05,0.014433756729740645,0.014433756729740645,0.9993117687543015,0.9993117687543015,items
recognition_alpha_low_effect_stable,30,15,"Low-alpha recognition, stable effect",1,0.25,0.25,0.15,0.25,0.55,0.05,0.05,0,"Recognition can have low alpha because of ceiling/guessing, while a uniform condition effect is still estimable.",30,0.05,0.012909944487358056,0.012909944487358056,0.9994493392070485,0.9994493392070485,both
recognition_alpha_low_effect_stable,30,30,"Low-alpha recognition, stable effect",1,0.25,0.25,0.15,0.25,0.55,0.05,0.05,0,"Recognition can have low alpha because of ceiling/guessing, while a uniform condition effect is still estimable.",60,0.05,0.011180339887498949,0.011180339887498949,0.9995869475423379,0.9995869475423379,participants
recognition_alpha_low_effect_stable,30,60,"Low-alpha recognition, stable effect",1,0.25,0.25,0.15,0.25,0.55,0.05,0.05,0,"Recognition can have low alpha because of ceiling/guessing, while a uniform condition effect is still estimable.",120,0.05,0.010206207261596576,0.010206207261596576,0.9996557659208261,0.9996557659208261,participants
recognition_alpha_low_effect_stable,30,100,"Low-alpha recognition, stable effect",1,0.25,0.25,0.15,0.25,0.55,0.05,0.05,0,"Recognition can have low alpha because of ceiling/guessing, while a uniform condition effect is still estimable.",200,0.05,0.00978945010372561,0.00978945010372561,0.9996832959255332,0.9996832959255332,participants
recognition_alpha_low_effect_stable,60,5,"Low-alpha recognition, stable effect",1,0.25,0.25,0.15,0.25,0.55,0.05,0.05,0,"Recognition can have low alpha because of ceiling/guessing, while a uniform condition effect is still estimable.",10,0.05,0.017078251276599333,0.017078251276599333,0.9990367414338791,0.9990367414338791,items
recognition_alpha_low_effect_stable,60,10,"Low-alpha recognition, stable effect",1,0.25,0.25,0.15,0.25,0.55,0.05,0.05,0,"Recognition can have low alpha because of ceiling/guessing, while a uniform condition effect is still estimable.",20,0.05,0.012909944487358056,0.012909944487358056,0.9994493392070485,0.9994493392070485,items
recognition_alpha_low_effect_stable,60,15,"Low-alpha recognition, stable effect",1,0.25,0.25,0.15,0.25,0.55,0.05,0.05,0,"Recognition can have low alpha because of ceiling/guessing, while a uniform condition effect is still estimable.",30,0.05,0.011180339887498949,0.011180339887498949,0.9995869475423379,0.9995869475423379,items
recognition_alpha_low_effect_stable,60,30,"Low-alpha recognition, stable effect",1,0.25,0.25,0.15,0.25,0.55,0.05,0.05,0,"Recognition can have low alpha because of ceiling/guessing, while a uniform condition effect is still estimable.",60,0.05,0.00912870929175277,0.00912870929175277,0.9997245937758193,0.9997245937758193,both
recognition_alpha_low_effect_stable,60,60,"Low-alpha recognition, stable effect",1,0.25,0.25,0.15,0.25,0.55,0.05,0.05,0,"Recognition can have low alpha because of ceiling/guessing, while a uniform condition effect is still estimable.",120,0.05,0.007905694150420948,0.007905694150420948,0.9997934311092749,0.9997934311092749,participants
recognition_alpha_low_effect_stable,60,100,"Low-alpha recognition, stable effect",1,0.25,0.25,0.15,0.25,0.55,0.05,0.05,0,"Recognition can have low alpha because of ceiling/guessing, while a uniform condition effect is still estimable.",200,0.05,0.007359800721939873,0.007359800721939873,0.9998209686970652,0.9998209686970652,participants
recognition_alpha_low_effect_stable,120,5,"Low-alpha recognition, stable effect",1,0.25,0.25,0.15,0.25,0.55,0.05,0.05,0,"Recognition can have low alpha because of ceiling/guessing, while a uniform condition effect is still estimable.",10,0.05,0.016457014715109585,0.016457014715109585,0.9991054840707356,0.9991054840707356,items
recognition_alpha_low_effect_stable,120,10,"Low-alpha recognition, stable effect",1,0.25,0.25,0.15,0.25,0.55,0.05,0.05,0,"Recognition can have low alpha because of ceiling/guessing, while a uniform condition effect is still estimable.",20,0.05,0.0120761472884912,0.0120761472884912,0.9995181386383974,0.9995181386383974,items
recognition_alpha_low_effect_stable,120,15,"Low-alpha recognition, stable effect",1,0.25,0.25,0.15,0.25,0.55,0.05,0.05,0,"Recognition can have low alpha because of ceiling/guessing, while a uniform condition effect is still estimable.",30,0.05,0.010206207261596576,0.010206207261596576,0.9996557659208261,0.9996557659208261,items
recognition_alpha_low_effect_stable,120,30,"Low-alpha recognition, stable effect",1,0.25,0.25,0.15,0.25,0.55,0.05,0.05,0,"Recognition can have low alpha because of ceiling/guessing, while a uniform condition effect is still estimable.",60,0.05,0.007905694150420948,0.007905694150420948,0.9997934311092749,0.9997934311092749,items
recognition_alpha_low_effect_stable,120,60,"Low-alpha recognition, stable effect",1,0.25,0.25,0.15,0.25,0.55,0.05,0.05,0,"Recognition can have low alpha because of ceiling/guessing, while a uniform condition effect is still estimable.",120,0.05,0.006454972243679028,0.006454972243679028,0.9998622779231511,0.9998622779231511,both
recognition_alpha_low_effect_stable,120,100,"Low-alpha recognition, stable effect",1,0.25,0.25,0.15,0.25,0.55,0.05,0.05,0,"Recognition can have low alpha because of ceiling/guessing, while a uniform condition effect is still estimable.",200,0.05,0.005773502691896258,0.005773502691896258,0.9998898193036581,0.9998898193036581,participants
recognition_alpha_low_effect_stable,300,5,"Low-alpha recognition, stable effect",1,0.25,0.25,0.15,0.25,0.55,0.05,0.05,0,"Recognition can have low alpha because of ceiling/guessing, while a uniform condition effect is still estimable.",10,0.05,0.016072751268321594,0.016072751268321594,0.999146734193939,0.999146734193939,items
recognition_alpha_low_effect_stable,300,10,"Low-alpha recognition, stable effect",1,0.25,0.25,0.15,0.25,0.55,0.05,0.05,0,"Recognition can have low alpha because of ceiling/guessing, while a uniform condition effect is still estimable.",20,0.05,0.011547005383792516,0.011547005383792516,0.9995594228439256,0.9995594228439256,items
recognition_alpha_low_effect_stable,300,15,"Low-alpha recognition, stable effect",1,0.25,0.25,0.15,0.25,0.55,0.05,0.05,0,"Recognition can have low alpha because of ceiling/guessing, while a uniform condition effect is still estimable.",30,0.05,0.009574271077563382,0.009574271077563382,0.9996970614965163,0.9996970614965163,items
recognition_alpha_low_effect_stable,300,30,"Low-alpha recognition, stable effect",1,0.25,0.25,0.15,0.25,0.55,0.05,0.05,0,"Recognition can have low alpha because of ceiling/guessing, while a uniform condition effect is still estimable.",60,0.05,0.007071067811865476,0.007071067811865476,0.9998347380598248,0.9998347380598248,items
recognition_alpha_low_effect_stable,300,60,"Low-alpha recognition, stable effect",1,0.25,0.25,0.15,0.25,0.55,0.05,0.05,0,"Recognition can have low alpha because of ceiling/guessing, while a uniform condition effect is still estimable.",120,0.05,0.005400617248673217,0.005400617248673217,0.9999035905628934,0.9999035905628934,items
recognition_alpha_low_effect_stable,300,100,"Low-alpha recognition, stable effect",1,0.25,0.25,0.15,0.25,0.55,0.05,0.05,0,"Recognition can have low alpha because of ceiling/guessing, while a uniform condition effect is still estimable.",200,0.05,0.004564354645876385,0.004564354645876385,0.9999311342194063,0.9999311342194063,both
recognition_alpha_low_effect_stable,500,5,"Low-alpha recognition, stable effect",1,0.25,0.25,0.15,0.25,0.55,0.05,0.05,0,"Recognition can have low alpha because of ceiling/guessing, while a uniform condition effect is still estimable.",10,0.05,0.015968719422671314,0.015968719422671314,0.9991577348020677,0.9991577348020677,items
recognition_alpha_low_effect_stable,500,10,"Low-alpha recognition, stable effect",1,0.25,0.25,0.15,0.25,0.55,0.05,0.05,0,"Recognition can have low alpha because of ceiling/guessing, while a uniform condition effect is still estimable.",20,0.05,0.011401754250991382,0.011401754250991382,0.9995704325413871,0.9995704325413871,items
recognition_alpha_low_effect_stable,500,15,"Low-alpha recognition, stable effect",1,0.25,0.25,0.15,0.25,0.55,0.05,0.05,0,"Recognition can have low alpha because of ceiling/guessing, while a uniform condition effect is still estimable.",30,0.05,0.00939858145324779,0.00939858145324779,0.999708074226259,0.999708074226259,items
recognition_alpha_low_effect_stable,500,30,"Low-alpha recognition, stable effect",1,0.25,0.25,0.15,0.25,0.55,0.05,0.05,0,"Recognition can have low alpha because of ceiling/guessing, while a uniform condition effect is still estimable.",60,0.05,0.006831300510639733,0.006831300510639733,0.9998457538231018,0.9998457538231018,items
recognition_alpha_low_effect_stable,500,60,"Low-alpha recognition, stable effect",1,0.25,0.25,0.15,0.25,0.55,0.05,0.05,0,"Recognition can have low alpha because of ceiling/guessing, while a uniform condition effect is still estimable.",120,0.05,0.005082650227325636,0.005082650227325636,0.9999146078434074,0.9999146078434074,items
recognition_alpha_low_effect_stable,500,100,"Low-alpha recognition, stable effect",1,0.25,0.25,0.15,0.25,0.55,0.05,0.05,0,"Recognition can have low alpha because of ceiling/guessing, while a uniform condition effect is still estimable.",200,0.05,0.004183300132670378,0.004183300132670378,0.9999421521069028,0.9999421521069028,items
recognition_alpha_low_effect_stable,1000,5,"Low-alpha recognition, stable effect",1,0.25,0.25,0.15,0.25,0.55,0.05,0.05,0,"Recognition can have low alpha because of ceiling/guessing, while a uniform condition effect is still estimable.",10,0.05,0.015890248582070707,0.015890248582070707,0.9991659854171312,0.9991659854171312,items
recognition_alpha_low_effect_stable,1000,10,"Low-alpha recognition, stable effect",1,0.25,0.25,0.15,0.25,0.55,0.05,0.05,0,"Recognition can have low alpha because of ceiling/guessing, while a uniform condition effect is still estimable.",20,0.05,0.011291589790636216,0.011291589790636216,0.9995786899736475,0.9995786899736475,items
recognition_alpha_low_effect_stable,1000,15,"Low-alpha recognition, stable effect",1,0.25,0.25,0.15,0.25,0.55,0.05,0.05,0,"Recognition can have low alpha because of ceiling/guessing, while a uniform condition effect is still estimable.",30,0.05,0.009264628073124864,0.009264628073124864,0.9997163339327959,0.9997163339327959,items
recognition_alpha_low_effect_stable,1000,30,"Low-alpha recognition, stable effect",1,0.25,0.25,0.15,0.25,0.55,0.05,0.05,0,"Recognition can have low alpha because of ceiling/guessing, while a uniform condition effect is still estimable.",60,0.05,0.006645800679125629,0.006645800679125629,0.9998540158048549,0.9998540158048549,items
recognition_alpha_low_effect_stable,1000,60,"Low-alpha recognition, stable effect",1,0.25,0.25,0.15,0.25,0.55,0.05,0.05,0,"Recognition can have low alpha because of ceiling/guessing, while a uniform condition effect is still estimable.",120,0.05,0.00483045891539648,0.00483045891539648,0.9999228709631214,0.9999228709631214,items
recognition_alpha_low_effect_stable,1000,100,"Low-alpha recognition, stable effect",1,0.25,0.25,0.15,0.25,0.55,0.05,0.05,0,"Recognition can have low alpha because of ceiling/guessing, while a uniform condition effect is still estimable.",200,0.05,0.0038729833462074173,0.0038729833462074173,0.999950415681867,0.999950415681867,items
high_load_memory_moderated,30,5,"High load, memory-moderated effect",-1.1,0,0.65,0.8,0.55,0.55,0.2,0.15,0.65,High-load learning can yield high alpha because memory aptitude dominates; condition effects should be tested with memory moderation.,10,0.6800735254367721,0.13291601358251257,0.05986094998689324,0.9448204060385216,0.988292948543425,participants
high_load_memory_moderated,30,10,"High load, memory-moderated effect",-1.1,0,0.65,0.8,0.55,0.55,0.2,0.15,0.65,High-load learning can yield high alpha because memory aptitude dominates; condition effects should be tested with memory moderation.,20,0.6800735254367721,0.12861441080480315,0.049581582602145055,0.9481520177615254,0.9919387894521109,participants
high_load_memory_moderated,30,15,"High load, memory-moderated effect",-1.1,0,0.65,0.8,0.55,0.55,0.2,0.15,0.65,High-load learning can yield high alpha because memory aptitude dominates; condition effects should be tested with memory moderation.,30,0.6800735254367721,0.127148207485071,0.045643546458763846,0.9492677824267782,0.9931600547195623,participants
high_load_memory_moderated,30,30,"High load, memory-moderated effect",-1.1,0,0.65,0.8,0.55,0.55,0.2,0.15,0.65,High-load learning can yield high alpha because memory aptitude dominates; condition effects should be tested with memory moderation.,60,0.6800735254367721,0.12566489830762873,0.041331989225457486,0.9503861762010735,0.9943843309135736,participants
high_load_memory_moderated,30,60,"High load, memory-moderated effect",-1.1,0,0.65,0.8,0.55,0.55,0.2,0.15,0.65,High-load learning can yield high alpha because memory aptitude dominates; condition effects should be tested with memory moderation.,120,0.6800735254367721,0.12491663887035492,0.0389978631893253,0.9509463619097519,0.9949976015898032,participants
high_load_memory_moderated,30,100,"High load, memory-moderated effect",-1.1,0,0.65,0.8,0.55,0.55,0.2,0.15,0.65,High-load learning can yield high alpha because memory aptitude dominates; condition effects should be tested with memory moderation.,200,0.6800735254367721,0.12461607707943091,0.03802411515516611,0.951170621143239,0.995243121718508,participants
high_load_memory_moderated,60,5,"High load, memory-moderated effect",-1.1,0,0.65,0.8,0.55,0.55,0.2,0.15,0.65,High-load learning can yield high alpha because memory aptitude dominates; condition effects should be tested with memory moderation.,10,0.6800735254367721,0.09979144919948468,0.05400617248673217,0.9681290838778503,0.990450204638472,participants
high_load_memory_moderated,60,10,"High load, memory-moderated effect",-1.1,0,0.65,0.8,0.55,0.55,0.2,0.15,0.65,High-load learning can yield high alpha because memory aptitude dominates; condition effects should be tested with memory moderation.,20,0.6800735254367721,0.09398581453247788,0.04232808366400098,0.9716274089935761,0.9941120087635218,participants
high_load_memory_moderated,60,15,"High load, memory-moderated effect",-1.1,0,0.65,0.8,0.55,0.55,0.2,0.15,0.65,High-load learning can yield high alpha because memory aptitude dominates; condition effects should be tested with memory moderation.,30,0.6800735254367721,0.09196919774214263,0.03763863263545405,0.9727991424360176,0.9953386344941048,participants
high_load_memory_moderated,60,30,"High load, memory-moderated effect",-1.1,0,0.65,0.8,0.55,0.55,0.2,0.15,0.65,High-load learning can yield high alpha because memory aptitude dominates; condition effects should be tested with memory moderation.,60,0.6800735254367721,0.08990735972840784,0.032274861218395144,0.9739737053930776,0.9965682910089224,participants
high_load_memory_moderated,60,60,"High load, memory-moderated effect",-1.1,0,0.65,0.8,0.55,0.55,0.2,0.15,0.65,High-load learning can yield high alpha because memory aptitude dominates; condition effects should be tested with memory moderation.,120,0.6800735254367721,0.08885850175044216,0.029226129861250304,0.9745620511443721,0.9971842593228487,participants
high_load_memory_moderated,60,100,"High load, memory-moderated effect",-1.1,0,0.65,0.8,0.55,0.55,0.2,0.15,0.65,High-load learning can yield high alpha because memory aptitude dominates; condition effects should be tested with memory moderation.,200,0.6800735254367721,0.08843547553631027,0.02791355704074038,0.9747975885172604,0.997430859906302,participants
high_load_memory_moderated,120,5,"High load, memory-moderated effect",-1.1,0,0.65,0.8,0.55,0.55,0.2,0.15,0.65,High-load learning can yield high alpha because memory aptitude dominates; condition effects should be tested with memory moderation.,10,0.6800735254367721,0.07812916655556147,0.05082650227325635,0.9802200769594275,0.9915323682054084,participants
high_load_memory_moderated,120,10,"High load, memory-moderated effect",-1.1,0,0.65,0.8,0.55,0.55,0.2,0.15,0.65,High-load learning can yield high alpha because memory aptitude dominates; condition effects should be tested with memory moderation.,20,0.6800735254367721,0.07056321043338849,0.038188130791298666,0.9838064909546718,0.9952021932830706,participants
high_load_memory_moderated,120,15,"High load, memory-moderated effect",-1.1,0,0.65,0.8,0.55,0.55,0.2,0.15,0.65,High-load learning can yield high alpha because memory aptitude dominates; condition effects should be tested with memory moderation.,30,0.6800735254367721,0.06785400995274093,0.03291402943021916,0.9850078013703276,0.9964315124897063,participants
high_load_memory_moderated,120,30,"High load, memory-moderated effect",-1.1,0,0.65,0.8,0.55,0.55,0.2,0.15,0.65,High-load learning can yield high alpha because memory aptitude dominates; condition effects should be tested with memory moderation.,60,0.6800735254367721,0.06503204338375557,0.026614532371118854,0.9862120491747606,0.997663872474921,participants
high_load_memory_moderated,120,60,"High load, memory-moderated effect",-1.1,0,0.65,0.8,0.55,0.55,0.2,0.15,0.65,High-load learning can yield high alpha because memory aptitude dominates; condition effects should be tested with memory moderation.,120,0.6800735254367721,0.0635741037425355,0.022821773229381923,0.9868152779665624,0.9982811962873839,participants
high_load_memory_moderated,120,100,"High load, memory-moderated effect",-1.1,0,0.65,0.8,0.55,0.55,0.2,0.15,0.65,High-load learning can yield high alpha because memory aptitude dominates; condition effects should be tested with memory moderation.,200,0.6800735254367721,0.06298147875897062,0.021114765765533214,0.9870567761583642,0.9985283397747122,participants
high_load_memory_moderated,300,5,"High load, memory-moderated effect",-1.1,0,0.65,0.8,0.55,0.55,0.2,0.15,0.65,High-load learning can yield high alpha because memory aptitude dominates; condition effects should be tested with memory moderation.,10,0.6800735254367721,0.06157651067303722,0.048819395052922696,0.9876207318732144,0.9921828021647624,both
high_load_memory_moderated,300,10,"High load, memory-moderated effect",-1.1,0,0.65,0.8,0.55,0.55,0.2,0.15,0.65,High-load learning can yield high alpha because memory aptitude dominates; condition effects should be tested with memory moderation.,20,0.6800735254367721,0.051639777949432225,0.03547299442298794,0.9912616056799564,0.9958574524704399,both
high_load_memory_moderated,300,15,"High load, memory-moderated effect",-1.1,0,0.65,0.8,0.55,0.55,0.2,0.15,0.65,High-load learning can yield high alpha because memory aptitude dominates; condition effects should be tested with memory moderation.,30,0.6800735254367721,0.04787135538781691,0.029720924166878347,0.9924812030075187,0.9970883920232928,participants
high_load_memory_moderated,300,30,"High load, memory-moderated effect",-1.1,0,0.65,0.8,0.55,0.55,0.2,0.15,0.65,High-load learning can yield high alpha because memory aptitude dominates; condition effects should be tested with memory moderation.,60,0.6800735254367721,0.04377975178854566,0.022546248764114474,0.9937038050917054,0.998322378372432,participants
high_load_memory_moderated,300,60,"High load, memory-moderated effect",-1.1,0,0.65,0.8,0.55,0.55,0.2,0.15,0.65,High-load learning can yield high alpha because memory aptitude dominates; condition effects should be tested with memory moderation.,120,0.6800735254367721,0.041583249832915496,0.017911821050170564,0.994316236389783,0.9989405176328137,participants
high_load_memory_moderated,300,100,"High load, memory-moderated effect",-1.1,0,0.65,0.8,0.55,0.55,0.2,0.15,0.65,High-load learning can yield high alpha because memory aptitude dominates; condition effects should be tested with memory moderation.,200,0.6800735254367721,0.040671447806374765,0.01567907310185565,0.9945614203323424,0.9991879877234754,participants
high_load_memory_moderated,500,5,"High load, memory-moderated effect",-1.1,0,0.65,0.8,0.55,0.55,0.2,0.15,0.65,High-load learning can yield high alpha because memory aptitude dominates; condition effects should be tested with memory moderation.,10,0.6800735254367721,0.05634713834792322,0.04827007354458868,0.9896131512227039,0.99235639536791,items
high_load_memory_moderated,500,10,"High load, memory-moderated effect",-1.1,0,0.65,0.8,0.55,0.55,0.2,0.15,0.65,High-load learning can yield high alpha because memory aptitude dominates; condition effects should be tested with memory moderation.,20,0.6800735254367721,0.04527692569068708,0.03471310991541956,0.9932687571827287,0.9960323340083305,both
high_load_memory_moderated,500,15,"High load, memory-moderated effect",-1.1,0,0.65,0.8,0.55,0.55,0.2,0.15,0.65,High-load learning can yield high alpha because memory aptitude dominates; condition effects should be tested with memory moderation.,30,0.6800735254367721,0.040926763859362246,0.028809720581775868,0.9944933015533821,0.9972637061945736,both
high_load_memory_moderated,500,30,"High load, memory-moderated effect",-1.1,0,0.65,0.8,0.55,0.55,0.2,0.15,0.65,High-load learning can yield high alpha because memory aptitude dominates; condition effects should be tested with memory moderation.,60,0.6800735254367721,0.03605551275463989,0.02133072900770154,0.9957208689927584,0.998498126784506,participants
high_load_memory_moderated,500,60,"High load, memory-moderated effect",-1.1,0,0.65,0.8,0.55,0.55,0.2,0.15,0.65,High-load learning can yield high alpha because memory aptitude dominates; condition effects should be tested with memory moderation.,120,0.6800735254367721,0.03335416016031583,0.016355427233796127,0.9963357898637243,0.9991164837705501,participants
high_load_memory_moderated,500,100,"High load, memory-moderated effect",-1.1,0,0.65,0.8,0.55,0.55,0.2,0.15,0.65,High-load learning can yield high alpha because memory aptitude dominates; condition effects should be tested with memory moderation.,200,0.6800735254367721,0.03221024681681282,0.013874436925511609,0.9965819709261623,0.999364041064777,participants
high_load_memory_moderated,1000,5,"High load, memory-moderated effect",-1.1,0,0.65,0.8,0.55,0.55,0.2,0.15,0.65,High-load learning can yield high alpha because memory aptitude dominates; condition effects should be tested with memory moderation.,10,0.6800735254367721,0.05208166663999914,0.0478539444560216,0.9911127493140025,0.992486630138784,items
high_load_memory_moderated,1000,10,"High load, memory-moderated effect",-1.1,0,0.65,0.8,0.55,0.55,0.2,0.15,0.65,High-load learning can yield high alpha because memory aptitude dominates; condition effects should be tested with memory moderation.,20,0.6800735254367721,0.03984344362627307,0.03413209633175202,0.9947794631479425,0.9961635354749476,items
high_load_memory_moderated,1000,15,"High load, memory-moderated effect",-1.1,0,0.65,0.8,0.55,0.55,0.2,0.15,0.65,High-load learning can yield high alpha because memory aptitude dominates; condition effects should be tested with memory moderation.,30,0.6800735254367721,0.0348209706929603,0.028106938645110394,0.9960077375807713,0.997395232285931,items
high_load_memory_moderated,1000,30,"High load, memory-moderated effect",-1.1,0,0.65,0.8,0.55,0.55,0.2,0.15,0.65,High-load learning can yield high alpha because memory aptitude dominates; condition effects should be tested with memory moderation.,60,0.6800735254367721,0.028939592256975562,0.02037154878746336,0.9972390489141633,0.998629978706898,both
high_load_memory_moderated,1000,60,"High load, memory-moderated effect",-1.1,0,0.65,0.8,0.55,0.55,0.2,0.15,0.65,High-load learning can yield high alpha because memory aptitude dominates; condition effects should be tested with memory moderation.,120,0.6800735254367721,0.025495097567963924,0.015083103128998356,0.9978558469404586,0.9992484990626884,participants
high_load_memory_moderated,1000,100,"High load, memory-moderated effect",-1.1,0,0.65,0.8,0.55,0.55,0.2,0.15,0.65,High-load learning can yield high alpha because memory aptitude dominates; condition effects should be tested with memory moderation.,200,0.6800735254367721,0.023979157616563596,0.01234908903522847,0.9981027798399736,0.9994961217898415,participants
